{
  "feature_names": [
    "dif_winpct",
    "dif_rundiff",
    "dif_era",
    "dif_bullpen",
    "dif_ops",
    "dif_obp",
    "park_factor",
    "home_advantage"
  ],
  "coefficients": [
    0.38891205476051227,
    -0.015764241291709693,
    0.009851458492053785,
    0.009851458492053785,
    0.019196973029993073,
    0.008519801572570374,
    -0.034605137040713614,
    0.0
  ],
  "intercept": 0.13280210134498707,
  "scaler_mean": [
    -0.0005921625133947655,
    -0.011504178272980517,
    -0.001862859795728853,
    -0.001862859795728853,
    -0.0007907799442896933,
    -0.00013091922005571026,
    -0.004614670380687109,
    1.0
  ],
  "scaler_scale": [
    0.10612221730181128,
    0.7688009712287714,
    0.7495454318734339,
    0.7495454318734339,
    0.04024841390030307,
    0.01726183042413035,
    0.048231154648677575,
    1.0
  ],
  "cv_accuracy": 0.5691602067183463,
  "train_accuracy": 0.5840297121634169,
  "n_games": 1077,
  "trained_at": "2026-06-16 12:07 CST"
}